Job Name,Location,Date Posted
Merchant Services Consultant – Azusa/Baldwin Park/Glendora Region,"Azusa, California",04/13/2020
Merchant Services Consultant - East LA,Multiple Locations,04/16/2020
Merchant Services Consultant,Multiple Locations,04/20/2020
Merchant Services Consultant – Arcadia/Pasadena/Monrovia Region,Multiple Locations,04/13/2020
"Merchant Services Consultant – San Gabriel Valley, CA",Multiple Locations,04/21/2020
Client Service Representative,"Rosemead, California",04/08/2020
Client Service Representative,"Whittier, California",04/10/2020
Client Service Representative,"Whittier, California",04/10/2020
Client Service Representative,"Chino Hills, California",04/20/2020
Merchant Services Consultant –Los Angeles/Montebello Region,Multiple Locations,04/13/2020
"Relationship Banker - Monterey Park Financial Center - Monterey Park, CA (Mandarin Language Fluency Required)","Monterey Park, California",04/08/2020
Merrill Lynch Financial Advisor Development Program,Multiple Locations,04/23/2020
Quantitative Operations Assoc,Multiple Locations,04/23/2020
Client Service Representative II,"Brea, California",04/07/2020
Treasury Sales Manager I,"Brea, California",03/18/2020
Treasury Account Manager I/II,Multiple Locations,03/02/2020
Client Service Representative,"Upland, California",04/06/2020
Client Service Representative,"Upland, California",04/06/2020
Merchant Services Consultant - Greater Los Angeles Area,Multiple Locations,04/12/2020
Client Service Representative,"Santa Fe Springs, California",04/10/2020
Client Service Representative,"La Canada Flintridge, California",02/06/2020
Client Service Representative,"Ontario, California",04/01/2020
Client Service Representative,"Ontario, California",03/24/2020
Retirement & Personal Wealth Benefits Specialist - West/Midwest/South Central Regions,All U.S. locations considered,01/06/2020
Client Service Representative,"Fullerton, California",04/10/2020
Client Service Representative,"Norwalk, California",04/21/2020
Client Service Representative,"Anaheim, California",04/16/2020
Client Service Representative,"Anaheim, California",04/15/2020
Client Service Representative,"Anaheim, California",04/10/2020
Client Service Representative,"Anaheim, California",04/10/2020
Client Service Representative,"Anaheim, California",03/25/2020
Client Service Representative,"Huntington Park, California",04/21/2020
Client Service Representative,"Huntington Park, California",04/14/2020
Client Service Representative,"Cerritos, California",04/21/2020
"Small Business Banker - Cerritos Financial Center- Cerritos, CA","Cerritos, California",04/15/2020
Client Service Representative,"Cerritos, California",04/14/2020
"Relationship Banker- Beach Commonwealth Financial Center, Buena Park, CA- Bilingual Spanish Preferred","Buena Park, California",04/21/2020
Client Service Representative,"Bellflower, California",04/10/2020
Client Service Representative,"Bellflower, California",04/10/2020
Client Service Representative,"Bellflower, California",03/26/2020
Client Service Representative,"Bellflower, California",03/26/2020
Client Service Representative,"La Palma, California",04/10/2020
Client Svcs Team Manager- Bilingual Korean,"Glendale, California",03/18/2020
Client Service Representative,"Lynwood, California",04/17/2020
Wholesale Credit Admin Associate -Chicago,Multiple Locations,04/23/2020
Client Service Representative,"Los Angeles, California",04/22/2020
Client Service Representative,"Los Angeles, California",04/21/2020
Client Service Representative,"Los Angeles, California",04/21/2020
"Merchant Services Consultant - Sherman Oaks, Los Angeles Area, CA",Multiple Locations,04/21/2020
"Relationship Banker - Bank of America Plaza Financial Center - Los Angeles, CA (Spanish Language Fluency Preferred)","Los Angeles, California",04/16/2020
"Relationship Banker - Bank of America Plaza Financial Center - Los Angeles, CA (Spanish Language Fluency Required)","Los Angeles, California",04/16/2020
Client Service Representative,"Los Angeles, California",04/15/2020
Client Service Representative,"Los Angeles, California",04/14/2020
Merchant Services Consultant - Beverly & San Vicente / Santa Monica,Multiple Locations,04/13/2020
Merchant Services Consultant–Los Angeles/Hollywood Region,Multiple Locations,04/13/2020
Client Service Representative,"Los Angeles, California",04/09/2020
Client Service Representative,"Los Angeles, California",04/09/2020
Client Service Representative,"Los Angeles, California",04/09/2020
Client Service Representative,"Los Angeles, California",04/09/2020
Merchant Services  Statement Analyst,Multiple Locations,04/09/2020
Client Service Representative,"Los Angeles, California",04/08/2020
Client Service Representative,"Los Angeles, California",04/08/2020
Client Service Representative,"Los Angeles, California",04/08/2020
Client Service Representative,"Los Angeles, California",04/08/2020
Client Service Representative,"Los Angeles, California",04/08/2020
Client Service Representative,"Los Angeles, California",04/08/2020
Client Service Representative,"Los Angeles, California",04/08/2020
Wholesale Credit Admin Associate,Multiple Locations,04/07/2020
Client Service Representative,"Los Angeles, California",03/26/2020
CREB Senior Underwriter,Multiple Locations,03/23/2020
Client Service Representative,"Los Angeles, California",03/16/2020
"Relationship Banker - Western-Olympic Financial Center - Los Angeles, CA (Korean Fluency Required)","Los Angeles, California",03/13/2020
Market Executive - Middle Market (Greater Los Angeles - North),"Los Angeles, California",02/28/2020
Commercial Credit Officer,"Los Angeles, California",02/25/2020
Registered Client Associate,"Los Angeles, California",02/24/2020
Middle Market Sr. Relationship Manager (South Bay) - Los Angeles Office,"Los Angeles, California",02/06/2020
Treasury Sales Specialist,Multiple Locations,02/06/2020
"Consumer Investments Financial Solutions Advisor - Westwood Village Financial Center - Los Angeles, CA","Los Angeles, California",01/16/2020
"Sr. Relationship Manager (Healthcare, Education, Not for Profit Group – San Francisco/Los Angeles)",Multiple Locations,01/14/2020
Retirement & Personal Wealth (Benefits Specialist) Team Leader,All U.S. locations considered,01/06/2020
Client Service Representative,"Los Angeles, California",12/05/2019
Client Service Representative,"Palmdale, California",03/17/2020
Client Service Representative,"Garden Grove, California",04/20/2020
Client Service Representative,"Garden Grove, California",04/10/2020
Client Service Representative,"Garden Grove, California",04/10/2020
Client Service Representative,"Garden Grove, California",03/10/2020
Client Service Representative,"Garden Grove, California",03/04/2020
Client Service Representative,"North Hollywood, California",02/10/2020
Client Service Representative,"West Hollywood, California",04/10/2020
Client Service Representative,"West Hollywood, California",04/08/2020
Client Service Representative,"Santa Ana, California",04/20/2020
Client Service Representative,"Santa Ana, California",04/20/2020
"Relationship Banker- South Coast Financial Center- Santa Ana, CA","Santa Ana, California",04/20/2020
Client Service Representative,"Santa Ana, California",03/24/2020
Client Service Representative,"Santa Ana, California",02/19/2020
Client Service Representative,"Studio City, California",03/11/2020
Client Service Representative,"Gardena, California",03/16/2020
"Relationship Banker- Heritage Plaza Financial Center, Irvine, CA- Bilingual Mandarin Preferred","Irvine, California",04/22/2020
Client Service Representative,"Irvine, California",04/14/2020
Client Service Representative,"Irvine, California",04/10/2020
Client Service Representative,"Irvine, California",04/10/2020
"Wealth Management Banking Specialist - Irvine, CA","Irvine, California",03/13/2020
Client Service Representative,"Irvine, California",03/02/2020
"Small Business Banker, Irvine, CA","Irvine, California",02/12/2020
"Consumer Investments Financial Solutions Advisor - Los Altos Financial Center - Long Beach, CA","Long Beach, California",04/13/2020
Client Service Representative,"Long Beach, California",04/10/2020
Client Service Representative,"Long Beach, California",04/10/2020
"Small Business Banker,  Long Beach, CA","Long Beach, California",03/17/2020
Client Service Representative,"Long Beach, California",02/14/2020
Client Service Representative,"Inglewood, California",04/14/2020
Client Service Representative,"Inglewood, California",02/21/2020
Client Service Representative,"Tustin, California",04/14/2020
Client Service Representative,"Culver City, California",03/18/2020
"Small Business Banker - Culver City, CA","Culver City, California",01/30/2020
Client Service Representative,"Hawthorne, California",04/10/2020
Client Service Representative,"Seal Beach, California",03/11/2020
Client Service Representative,"Sylmar, California",03/26/2020
Client Service Representative,"Torrance, California",04/21/2020
Client Service Representative,"Torrance, California",04/17/2020
Client Service Representative,"Torrance, California",04/08/2020
Client Service Representative,"West Los Angeles, California",04/08/2020
"Wealth Management Banking Specialist -Costa Mesa, CA","Costa Mesa, California",04/22/2020
Analyst-Investments,"El Segundo, California",02/24/2020
Analyst-Investments,"El Segundo, California",02/24/2020
Client Service Representative,"Harbor City, California",04/21/2020
"Relationship Banker - Harbor City Financial Center -Harbor City, CA - (Bilingual Spanish Preferred)","Harbor City, California",03/09/2020
Client Service Representative,"Harbor City, California",03/06/2020
Client Service Representative,"Riverside, California",04/10/2020
Client Service Representative,"Riverside, California",04/06/2020
Client Service Representative,"Riverside, California",04/03/2020
Client Service Representative,"Beverly Hills, California",04/22/2020
"Wealth Management Banking Specialist - Pasadena, CA","Pasadena, California",04/20/2020
Client Service Representative,"Downey, California",04/15/2020
Client Service Representative,"San Fernando, California",04/03/2020
Client Associate,"Westlake Village, California",02/28/2020
Client Service Representative,"Downey, California",02/25/2020
Team Lead- Mainframe Application Development Programming,Multiple Locations,11/19/2019
Client Service Representative,"Manhattan Beach, California",04/21/2020
Client Service Representative,"San Pedro, California",04/21/2020
Client Service Representative,"Marina Del Rey, California",02/19/2020
Client Service Representative,"Venice, California",04/06/2020
Client Service Representative,"Santa Monica, California",04/21/2020
Client Service Representative,"Santa Monica, California",04/08/2020
"Consumer Investment Financial Solutions Advisor - Lincoln Manchester Financial Center- Los Angeles, CA","Santa Monica, California",02/12/2020
Client Service Representative,"Redondo Beach, California",04/13/2020
"Relationship Banker - Riviera Village Financial Center - Redondo Beach, CA","Redondo Beach, California",04/08/2020
"Relationship Banker - Encino Financial Center - Encino, CA","Encino, California",04/13/2020
"Wealth Management Banking Specialist - Rolling Hills Estate, CA","Rolling Hills Estates, California",04/20/2020
Client Service Representative,"Rolling Hills Estates, California",04/10/2020
"Wealth Management Banking Specialist -Newport Beach, CA","Newport Beach, California",04/21/2020
Client Service Representative,"Newport Beach, California",04/10/2020
Client Associate,"Newport Beach, California",04/02/2020
Client Service Representative,"Huntington Beach, California",03/31/2020
"Merrill Financial Solutions Advisor - Newport Office - Newport Beach, CA","Newport Beach, California",02/21/2020
Credit Products Manager,Multiple Locations,02/06/2020
Client Service Representative,"Lake Forest, California",03/06/2020
"Relationship Banker - Devonshire-Reseda Financial Center - Northridge, CA","Northridge, California",04/13/2020
"Small Business Consultant - Corona Del Mar Financial Center- Corona Del Mar, CA","Corona Del Mar, California",02/27/2020
"Wealth Management Banking Specialist - Woodland Hills, CA","Woodland Hills, California",04/06/2020
Client Service Representative,"Woodland Hills, California",03/16/2020
"Relationship Banker - Bouquet Canyon Financial Center - Santa Clarita, CA - Preferred Language: Spanish","Santa Clarita, California",04/20/2020
Client Service Representative,"Santa Clarita, California",03/02/2020
"Relationship Banker- Aliso Viejo Financial Center- Aliso Viejo, CA","Aliso Viejo, California",04/09/2020
"Relationship Banker - Chatworth Industrial Financial Center - Chatsworth, CA- Spanish Required","Chatsworth, California",03/17/2020
Client Service Representative,"Perris, California",04/14/2020
Client Service Representative,"Moreno Valley, California",04/21/2020
Client Service Representative,"Lake Elsinore, California",04/16/2020
"Relationship Banker- San Juan Capistrano Financial Center- San Juan Capistrano, CA- Spanish Language Preferred","San Juan Capistrano, California",04/13/2020
Merrill Lynch Wealth Management Market Executive Leadership Academy – Opportunities Nationwide,All U.S. locations considered,04/07/2020
Product Insights Product Manager,All U.S. locations considered,03/16/2020
Card Network Fee Execution,All U.S. locations considered,03/13/2020
Payments Compliance Analyst,All U.S. locations considered,03/04/2020
Interchange Analyst,All U.S. locations considered,04/22/2020
Payments Compliance Team Lead,All U.S. locations considered,03/04/2020
Approval Officer II,All U.S. locations considered,02/28/2020
Employee Benefits Specialist - NE Regions,All U.S. locations considered,04/23/2020
Retirement & Personal Wealth Benefits Specialist - NE/SE/Mid-Atlantic Regions,All U.S. locations considered,01/06/2020
