Job Name,Location,Date posted
"Vice President, Capital Planning Design","New York, New York, United States",04/23/2020
Vice President - Treasury GPO/Financial Solutions Lead Analyst,"New York, New York, United States",04/23/2020
Service Rep 5,"Tuxtla Gutiérrez, Mexico",04/23/2020
Solutions Sales Sr. Group Manager,"Miami, Florida, United States",04/23/2020
SME Relationship Manager - 11,Multiple Locations,04/23/2020
Pue Huauchinango Ej PyME Negocios 0184 (BD1),"Huauchinango, Mexico",04/23/2020
Senior Global Program Lead-Senior Vice President-GPMO NYC,"New York, New York, United States",04/23/2020
Promotor de Tarjetas  Costco Saltillo,"Saltillo, Mexico",04/23/2020
Independent Operational Risk Manager - VP - Belfast,"Belfast, United Kingdom",04/23/2020
"Full Stack developer, front end, Angular, AVP","Tampa, Florida, United States",04/23/2020
EJECUTIVO/A  FINANCIEROS AFORE / MUNICIPIOS TABASCO,"Villahermosa, Mexico",04/23/2020
Digital Data Collection (Tagging) Specialist,Multiple Locations,04/23/2020
Cmpl AML Execution Int Asc Ast,"Tampa, Florida, United States",04/23/2020
Cash and Trade Proc Analyst2,"Tampa, Florida, United States",04/23/2020
Containers & Kubernetes Engineer – Logging and Monitoring - VP,"Irving, Texas, United States",04/23/2020
