Job Title,Location,Date Posted
ECMO QA Analyst 2,IA-West Des Moines,"<span class=""ps_box-value"" id=""SCH_OPENED$0"">04/24/2020</span>"
IDQ/PowerCenter Developer  (Informatica),NJ-Summit,"<span class=""ps_box-value"" id=""SCH_OPENED$1"">04/24/2020</span>"
Operational Risk Management Tech Ldr (TDSM2),Multiple,"<span class=""ps_box-value"" id=""SCH_OPENED$2"">04/24/2020</span>"
Tech Initiative Supprt Coord 3,TX-San Antonio,"<span class=""ps_box-value"" id=""SCH_OPENED$3"">04/24/2020</span>"
Technology Manager 4 - Cisco VoIP Engineering Manager,Multiple,"<span class=""ps_box-value"" id=""SCH_OPENED$4"">04/24/2020</span>"
Account Resolution Specialist 2 - Overdraft Dept,OR-Hillsboro,"<span class=""ps_box-value"" id=""SCH_OPENED$5"">04/23/2020</span>"
Account Resolution Specialist 3 - Overdraft Department,OR-Hillsboro,"<span class=""ps_box-value"" id=""SCH_OPENED$6"">04/23/2020</span>"
Administrative Assistant 4,TX-Westlake,"<span class=""ps_box-value"" id=""SCH_OPENED$7"">04/23/2020</span>"
Analytic Consultant 3 - Home Lending,Multiple,"<span class=""ps_box-value"" id=""SCH_OPENED$8"">04/23/2020</span>"
Analytic Consultant 5 - Home Lending,Multiple,"<span class=""ps_box-value"" id=""SCH_OPENED$9"">04/23/2020</span>"
Analytic Consultant 6,Multiple,"<span class=""ps_box-value"" id=""SCH_OPENED$10"">04/23/2020</span>"
Applications Systems Engineer 5,Multiple,"<span class=""ps_box-value"" id=""SCH_OPENED$11"">04/23/2020</span>"
Applications Systems Engineer 6,NC-Charlotte,"<span class=""ps_box-value"" id=""SCH_OPENED$12"">04/23/2020</span>"
Application Systems Engineer 5,NC-Charlotte,"<span class=""ps_box-value"" id=""SCH_OPENED$13"">04/23/2020</span>"
Apps Systems Engineer 4,Multiple,"<span class=""ps_box-value"" id=""SCH_OPENED$14"">04/23/2020</span>"
Apps Systems Engineer 4,NC-Charlotte,"<span class=""ps_box-value"" id=""SCH_OPENED$15"">04/23/2020</span>"
Apps Systems Engineer 5,Multiple,"<span class=""ps_box-value"" id=""SCH_OPENED$16"">04/23/2020</span>"
Branch Manager 2-Daphne,AL-Daphne,"<span class=""ps_box-value"" id=""SCH_OPENED$17"">04/23/2020</span>"
Branch Manager 2-Foley,AL-Foley,"<span class=""ps_box-value"" id=""SCH_OPENED$18"">04/23/2020</span>"
Business Initiatives Manager,Multiple,"<span class=""ps_box-value"" id=""SCH_OPENED$19"">04/23/2020</span>"
Business Support Consultant 2,Multiple,"<span class=""ps_box-value"" id=""SCH_OPENED$20"">04/23/2020</span>"
Business Support Consultant 2 - Capacity Planning,Multiple,"<span class=""ps_box-value"" id=""SCH_OPENED$21"">04/23/2020</span>"
Business Support Consultant 5 - HR Technology Enablement,Multiple,"<span class=""ps_box-value"" id=""SCH_OPENED$22"">04/23/2020</span>"
Business Support Manager 3 - Deposit Regulatory Reporting & Legal Support,Multiple,"<span class=""ps_box-value"" id=""SCH_OPENED$23"">04/23/2020</span>"
Business Systems Consultant 4 /Web Application Business Analyst,NC-Charlotte,"<span class=""ps_box-value"" id=""SCH_OPENED$24"">04/23/2020</span>"
Business Systems Consultant 5,AZ-Chandler,"<span class=""ps_box-value"" id=""SCH_OPENED$25"">04/23/2020</span>"
Capital Markets Institutional Operations Support Analyst 2 - Trade Support,NC-Charlotte,"<span class=""ps_box-value"" id=""SCH_OPENED$26"">04/23/2020</span>"
Capital Markets Institutional Operations Support Analyst 3 - Broker Dealer Funding Operations,Multiple,"<span class=""ps_box-value"" id=""SCH_OPENED$27"">04/23/2020</span>"
Chief Audit Director - Enterprise Functions,Multiple,"<span class=""ps_box-value"" id=""SCH_OPENED$28"">04/23/2020</span>"
Computer Operations Analyst 3,AZ-Tempe,"<span class=""ps_box-value"" id=""SCH_OPENED$29"">04/23/2020</span>"
Consumer Credit Associate,Multiple,"<span class=""ps_box-value"" id=""SCH_OPENED$30"">04/23/2020</span>"
Credit Analyst 4,AZ-Phoenix,"<span class=""ps_box-value"" id=""SCH_OPENED$31"">04/23/2020</span>"
CTS Account Associate 2,MN-Minneapolis,"<span class=""ps_box-value"" id=""SCH_OPENED$32"">04/23/2020</span>"
Customer Service Representative 2 (Call Center Environment),TX-Irving,"<span class=""ps_box-value"" id=""SCH_OPENED$33"">04/23/2020</span>"
Fraud & Claims Ops Specialist 2 - Call Center,AZ-Chandler,"<span class=""ps_box-value"" id=""SCH_OPENED$34"">04/23/2020</span>"
Home Mortgage Consultant (SAFE),Multiple,"<span class=""ps_box-value"" id=""SCH_OPENED$35"">04/23/2020</span>"
Home Mortgage Consultant (SAFE),WA-Bellingham,"<span class=""ps_box-value"" id=""SCH_OPENED$36"">04/23/2020</span>"
Home Preservation Spec 1,IA-West Des Moines,"<span class=""ps_box-value"" id=""SCH_OPENED$37"">04/23/2020</span>"
Home Preservation Specialist 1,AZ-Chandler,"<span class=""ps_box-value"" id=""SCH_OPENED$38"">04/23/2020</span>"
Home Preservation Specialist 1,TX-San Antonio,"<span class=""ps_box-value"" id=""SCH_OPENED$39"">04/23/2020</span>"
HR Technology Enablement Leaders (Business Support Manager 5),Multiple,"<span class=""ps_box-value"" id=""SCH_OPENED$40"">04/23/2020</span>"
Info Security Engineer 4 - Appliance/HSM Management,Multiple,"<span class=""ps_box-value"" id=""SCH_OPENED$41"">04/23/2020</span>"
Initiatives Lead   Commercial and Corporate & Investment Banking Technology (CCIBT) - Strategy Planning and Business Services Group,NC-Charlotte,"<span class=""ps_box-value"" id=""SCH_OPENED$42"">04/23/2020</span>"
Lead Teller - Devon Square,PA-Wayne,"<span class=""ps_box-value"" id=""SCH_OPENED$43"">04/23/2020</span>"
Lending Manager 2 - Personal Loan and Lines,NC-Charlotte,"<span class=""ps_box-value"" id=""SCH_OPENED$44"">04/23/2020</span>"
Mircostrategy Developer,Multiple,"<span class=""ps_box-value"" id=""SCH_OPENED$45"">04/23/2020</span>"
Mongo Database Administrator (DBA3),Multiple,"<span class=""ps_box-value"" id=""SCH_OPENED$46"">04/23/2020</span>"
Mongo DBA ( DBA5),Multiple,"<span class=""ps_box-value"" id=""SCH_OPENED$47"">04/23/2020</span>"
Mortgage Closer 2 (LO),AZ-Tempe,"<span class=""ps_box-value"" id=""SCH_OPENED$48"">04/23/2020</span>"
Mortgage Consultant (SAFE),Multiple,"<span class=""ps_box-value"" id=""SCH_OPENED$49"">04/23/2020</span>"
